annotation_id,annotator_id,overall_label,materiality_decisive,axis_citation,axis_actor,axis_action,axis_object,axis_temporal,axis_quantitative,axis_scope,axis_modality,axis_authorization,axis_intent,axis_causality,axis_decision,rationale,missing_evidence,adjudication_needed
ann_1e4b21440b5197f50bf4,,,,,,,,,,,,,,,,,,
ann_f449b6331a862d98cd5c,,,,,,,,,,,,,,,,,,
ann_c9a2c515635ffedbf0e0,,,,,,,,,,,,,,,,,,
ann_64a1b09798561b1fd496,,,,,,,,,,,,,,,,,,
ann_e55720b06c58fee7bc17,,,,,,,,,,,,,,,,,,
ann_48ccebc01a7127766928,,,,,,,,,,,,,,,,,,
ann_f68c1de8768fd0641829,,,,,,,,,,,,,,,,,,
ann_7808839c93c0f491671e,,,,,,,,,,,,,,,,,,
ann_828d8564f02dcb1df3bb,,,,,,,,,,,,,,,,,,
ann_50756f4e0d7e2d3c0d26,,,,,,,,,,,,,,,,,,
ann_4643d19ac3505b3ab506,,,,,,,,,,,,,,,,,,
ann_866820c93a6c331fcf2f,,,,,,,,,,,,,,,,,,
ann_2853c0fa6b53f80def4e,,,,,,,,,,,,,,,,,,
ann_ae888178e7644df120b7,,,,,,,,,,,,,,,,,,
ann_b2d3e29265857e14609d,,,,,,,,,,,,,,,,,,
ann_3282aab9ab68b7cab3f6,,,,,,,,,,,,,,,,,,
ann_cbf3855d38f236c13a6f,,,,,,,,,,,,,,,,,,
ann_2eb659ccdc6437bae164,,,,,,,,,,,,,,,,,,
ann_a9c6a66c185dbb4241b2,,,,,,,,,,,,,,,,,,
ann_c9f27d270bc053b119d3,,,,,,,,,,,,,,,,,,
ann_1e40b543a0e4237bed25,,,,,,,,,,,,,,,,,,
ann_943ffcdc7f2f88342472,,,,,,,,,,,,,,,,,,
ann_70e7327cc7ea04758a6a,,,,,,,,,,,,,,,,,,
ann_fd9d5f87cb6b5d914fdb,,,,,,,,,,,,,,,,,,
ann_a7d3f7899e58d6f0da82,,,,,,,,,,,,,,,,,,
ann_1cdae3f62d944469f0bc,,,,,,,,,,,,,,,,,,
ann_bafb223813c481e33a5b,,,,,,,,,,,,,,,,,,
ann_e964a909a3e04da8d57e,,,,,,,,,,,,,,,,,,
ann_95249392deff2d31832d,,,,,,,,,,,,,,,,,,
ann_04b224a3f6a1a7067b52,,,,,,,,,,,,,,,,,,
ann_e1c343e6569d056a0615,,,,,,,,,,,,,,,,,,
ann_0e026cbbf659dfed6ee1,,,,,,,,,,,,,,,,,,
ann_ce818e0568b0a853d415,,,,,,,,,,,,,,,,,,
ann_4e35db83b4595adb63d1,,,,,,,,,,,,,,,,,,
ann_32e2bd9c00fddaa61f79,,,,,,,,,,,,,,,,,,
ann_ff14500632e33adf6b7e,,,,,,,,,,,,,,,,,,
ann_12803ddf45eb67bcea9d,,,,,,,,,,,,,,,,,,
ann_f6dd66f95227f41aafa1,,,,,,,,,,,,,,,,,,
ann_6d4b2f5e40f31d5e85c0,,,,,,,,,,,,,,,,,,
ann_6d2ba63e6736fc733592,,,,,,,,,,,,,,,,,,
ann_10012d0b3ccfdd5c16c5,,,,,,,,,,,,,,,,,,
ann_84937756aef985062ce7,,,,,,,,,,,,,,,,,,
ann_8d439d3e04a9b0dcbb43,,,,,,,,,,,,,,,,,,
ann_ccf2c3d402938d1f3400,,,,,,,,,,,,,,,,,,
ann_e31fb6f8a2362c7f1251,,,,,,,,,,,,,,,,,,
ann_e80c43aa4ddaf9719815,,,,,,,,,,,,,,,,,,
ann_64cef82de6b299a40f41,,,,,,,,,,,,,,,,,,
ann_d0e4de1eb903aa52ae08,,,,,,,,,,,,,,,,,,
ann_8b8f53ac0d00c770050e,,,,,,,,,,,,,,,,,,
ann_820f49a1c3b233392e7c,,,,,,,,,,,,,,,,,,
ann_47a3b1c5af2be2e99156,,,,,,,,,,,,,,,,,,
ann_8fc0a7e531e4118d0024,,,,,,,,,,,,,,,,,,
ann_b2ec654690e2e63f09e3,,,,,,,,,,,,,,,,,,
ann_9e7cbf22f37884f0fab1,,,,,,,,,,,,,,,,,,
ann_d11bc1e80f83eef5302b,,,,,,,,,,,,,,,,,,
ann_fdd459049a3ed46be79a,,,,,,,,,,,,,,,,,,
ann_ca4fe8e07fd1beb1ef1e,,,,,,,,,,,,,,,,,,
ann_ad3e05fb2df3ace8838d,,,,,,,,,,,,,,,,,,
ann_101f866ace37feeb9da2,,,,,,,,,,,,,,,,,,
ann_a628002d8418676a3869,,,,,,,,,,,,,,,,,,
ann_10d78f3ca698fc8f603e,,,,,,,,,,,,,,,,,,
ann_a9f0b3abd224b33deb9d,,,,,,,,,,,,,,,,,,
ann_f9de42af4bfacbacaee7,,,,,,,,,,,,,,,,,,
ann_662ac33b10c7e79594e2,,,,,,,,,,,,,,,,,,
ann_c73b3822875415a8b4d5,,,,,,,,,,,,,,,,,,
ann_d4e69dfcaf31bd231291,,,,,,,,,,,,,,,,,,
ann_bd048326d7ebe1c88a81,,,,,,,,,,,,,,,,,,
ann_8ed5746f70183553f1dc,,,,,,,,,,,,,,,,,,
ann_b8c5412229191096abec,,,,,,,,,,,,,,,,,,
ann_fcf25facb6f86647ff5d,,,,,,,,,,,,,,,,,,
ann_cbcc97337f674e6f49b1,,,,,,,,,,,,,,,,,,
ann_86368a48edbb79dff883,,,,,,,,,,,,,,,,,,
ann_590c34512cc8f63e621d,,,,,,,,,,,,,,,,,,
ann_a19f4b2748e1f3a91804,,,,,,,,,,,,,,,,,,
ann_040cdd570281e2a935ac,,,,,,,,,,,,,,,,,,
ann_a5b421995882386396c8,,,,,,,,,,,,,,,,,,
ann_ac249d63a65450f392aa,,,,,,,,,,,,,,,,,,
ann_8872f048557e05a47106,,,,,,,,,,,,,,,,,,
ann_a99aa108fe41ae6e7135,,,,,,,,,,,,,,,,,,
ann_29f2f65300a3b8809c3a,,,,,,,,,,,,,,,,,,
ann_e7d7b0b4ba9abcc37068,,,,,,,,,,,,,,,,,,
ann_b2e86efeea4ad9c52fda,,,,,,,,,,,,,,,,,,
ann_2c4cbea2debe2553f792,,,,,,,,,,,,,,,,,,
ann_3421b3c8662dad946266,,,,,,,,,,,,,,,,,,
ann_5624b93353a5fac50cca,,,,,,,,,,,,,,,,,,
ann_9bbc5d44e22270861df9,,,,,,,,,,,,,,,,,,
ann_1f782e3ae5f39113ca9e,,,,,,,,,,,,,,,,,,
ann_67d9d8001d1d13a8a889,,,,,,,,,,,,,,,,,,
ann_2ebcb4d4e973d22d40d0,,,,,,,,,,,,,,,,,,
ann_381d27e89d63618696ad,,,,,,,,,,,,,,,,,,
ann_d21b6c57bc43276607cb,,,,,,,,,,,,,,,,,,
ann_081750bb0c22c5cb725e,,,,,,,,,,,,,,,,,,
ann_937d9d6b0de0e06a4130,,,,,,,,,,,,,,,,,,
ann_f4fe1e88e37fd9c4cc80,,,,,,,,,,,,,,,,,,
ann_5a59326c46d6d39c0efe,,,,,,,,,,,,,,,,,,
ann_c46c2e916d3d2f1624d5,,,,,,,,,,,,,,,,,,
ann_11464fd2f0955c36877f,,,,,,,,,,,,,,,,,,
ann_ad777c9b211d81e3c544,,,,,,,,,,,,,,,,,,
ann_ba2c940cfb336a12d180,,,,,,,,,,,,,,,,,,
ann_3c8ae2dfb5c181478ac4,,,,,,,,,,,,,,,,,,
ann_d0290b51b0016058b5f8,,,,,,,,,,,,,,,,,,
ann_cb71d390a6574f1c215e,,,,,,,,,,,,,,,,,,
ann_3f6bbc77db9a9380c13c,,,,,,,,,,,,,,,,,,
ann_e978d149db692284666e,,,,,,,,,,,,,,,,,,
ann_abf72997c8e4e18d5dbf,,,,,,,,,,,,,,,,,,
ann_8043d973fe2657779acd,,,,,,,,,,,,,,,,,,
ann_1acdb4843e72d769a82b,,,,,,,,,,,,,,,,,,
ann_df70dc5005c5d2e4322d,,,,,,,,,,,,,,,,,,
ann_70090c61ea4d1f86fd9e,,,,,,,,,,,,,,,,,,
ann_9a0c876f70d311d74476,,,,,,,,,,,,,,,,,,
ann_3d634f08b3e6d30ba9d2,,,,,,,,,,,,,,,,,,
ann_873acf2cddcdbd1b9abc,,,,,,,,,,,,,,,,,,
ann_8dd11dc356d389eb47d8,,,,,,,,,,,,,,,,,,
ann_733eccc9d248ab10defa,,,,,,,,,,,,,,,,,,
ann_8b64be1273d6844061ec,,,,,,,,,,,,,,,,,,
ann_f01a3f46c9f546b179bc,,,,,,,,,,,,,,,,,,
ann_dc511e41bd4281c6f4fc,,,,,,,,,,,,,,,,,,
ann_a9e8af8a5278dd63633d,,,,,,,,,,,,,,,,,,
ann_6b50566b8c6ba84a7a86,,,,,,,,,,,,,,,,,,
ann_5b4086a122c32adb8556,,,,,,,,,,,,,,,,,,
ann_b6dc3d57d838c49e4cbd,,,,,,,,,,,,,,,,,,
ann_fcc870be17d5049fea0d,,,,,,,,,,,,,,,,,,
ann_e3473894c72052c278f9,,,,,,,,,,,,,,,,,,
ann_ab609e90ae2b6d3382e1,,,,,,,,,,,,,,,,,,
ann_e8abe4ac5af91bd2e1a7,,,,,,,,,,,,,,,,,,
ann_e5b800218b58a7e5cb5f,,,,,,,,,,,,,,,,,,
ann_b6ea5fb6b425d46a8baa,,,,,,,,,,,,,,,,,,
ann_5880f8138fd1e1fa4a29,,,,,,,,,,,,,,,,,,
ann_a12d85c6e01fd1b1e222,,,,,,,,,,,,,,,,,,
ann_be223afa0d7144d36459,,,,,,,,,,,,,,,,,,
ann_d99bd24822e692e03610,,,,,,,,,,,,,,,,,,
ann_9132d3a8915b0d33d0aa,,,,,,,,,,,,,,,,,,
ann_ae343f6e1df67ad53681,,,,,,,,,,,,,,,,,,
ann_9c9c197b15b4857a6f3e,,,,,,,,,,,,,,,,,,
ann_8caa5837694b19f3c58e,,,,,,,,,,,,,,,,,,
